meal_name,num_ingredients,calories,prep_time,protein,fat,carbs,vegan,vegetarian,keto,paleo,gluten_free,mediterranean,is_healthy,num_ingredients,calories,prep_time,protein,fat,carbs
Gluten-Free Pasta,0.272727273,0.490909091,0.84,0.783679116,0.597907329,0.44457186,0,0,0,0,1,0,1,0,981.82,50.4,78.37,41.85,133.37
Grilled Salmon,0.909090909,0.158181818,0.7,0.143588029,0.65208155,0.050609124,0,0,1,1,1,1,`,1,316.36,42,14.36,45.65,15.18
Lentil Soup,0.454545455,0.7,0.4,0.620637492,0.612747561,0.000688369,0,1,0,0,0,0,0,0,1400,24,62.06,42.89,0.21
Chickpea Stew,0.909090909,0.105454545,0.82,0.046893363,0.9757606,0.229025653,1,1,0,0,0,0,0,1,210.91,49.2,4.69,68.3,68.71
Turkey Lettuce Wraps,0.181818182,0.441818182,0.04,0.864340202,0.681574604,0.449292782,0,0,1,1,1,1,0,0,883.64,2.4,86.43,47.71,134.79
Cauliflower Rice Bowl,0.272727273,0.572727273,0.26,0.812532728,0.304935972,0.092350854,1,1,0,1,1,0,1,0,1145.45,15.6,81.25,21.35,27.71
Almond Flour Pancakes,1,0.665454545,0.12,0.613114243,0.834846485,0.168926145,0,1,1,1,1,0,0,1,1330.91,7.2,61.31,58.44,50.68
Chickpea Stew,0.272727273,0.703636364,0.02,0.427325227,0.208020737,0.567860697,1,1,0,0,0,0,1,0,1407.27,1.2,42.73,14.56,170.36
Cauliflower Rice Bowl,0.818181818,0.292727273,0.18,0.899406115,0.59895979,0.926165101,1,1,0,1,1,0,0,1,585.45,10.8,89.94,41.93,277.85
Vegan Curry,0.545454545,0.456363636,0.78,0.848854608,0.74875571,0.53952586,1,1,0,0,0,0,0,1,912.73,46.8,84.89,52.41,161.86
Tofu Stir Fry,0.727272727,0.283636364,0.28,0.166103063,0.015231837,0.421878987,1,1,0,0,0,0,0,1,567.27,16.8,16.61,1.07,126.56
Quinoa Salad,1,0.856363636,0.2,0.19985077,0.712687069,0.792930491,1,1,0,0,0,1,0,1,1712.73,12,19.99,49.89,237.88
Mediterranean Wrap,0.818181818,0.418181818,0.8,0.919641719,0.851732513,0.448231975,0,0,0,0,0,1,0,1,836.36,48,91.96,59.62,134.47
Quinoa Salad,0.545454545,0.738181818,0.46,0.66932684,0.592340995,0.271465346,1,1,0,0,0,1,0,1,1476.36,27.6,66.93,41.46,81.44
Keto Omelette,0,0.838181818,0.04,0.764676177,0.562244904,0.773498116,0,0,1,0,1,0,0,0,1676.36,2.4,76.47,39.36,232.05
Gluten-Free Pasta,0.909090909,0.712727273,0.28,0.429722607,0.02503916,0.102689348,0,0,0,0,1,0,0,1,1425.45,16.8,42.97,1.75,30.81
Gluten-Free Pasta,0,0.172727273,0.06,0.912210591,0.249475299,0.408708603,0,0,0,0,1,0,0,0,345.45,3.6,91.22,17.46,122.61
Grilled Salmon,0.272727273,0.952727273,0.62,0.601925949,0.696088408,0.884275809,0,0,1,1,1,1,0,0,1905.45,37.2,60.19,48.73,265.28
Vegetarian Pizza,0.727272727,0.049090909,0.86,0.187515468,0.894359872,0.539171889,0,1,0,0,0,0,0,1,98.18,51.6,18.75,62.61,161.75
Gluten-Free Pasta,0,0.698181818,0.52,0.429287155,0.819628162,0.864308371,0,0,0,0,1,0,0,0,1396.36,31.2,42.93,57.37,259.29
Gluten-Free Pasta,0.454545455,0.827272727,0.52,0.419540625,0.222222512,0.114802932,0,0,0,0,1,0,0,0,1654.55,31.2,41.95,15.56,34.44
Lentil Soup,0.636363636,0.678181818,0.62,0.52144032,0.704343143,0.361410029,0,1,0,0,0,0,0,1,1356.36,37.2,52.14,49.3,108.42
Chickpea Stew,0.818181818,0.485454545,0.76,0.499787694,0.301191118,0.281702055,1,1,0,0,0,0,1,1,970.91,45.6,49.98,21.08,84.51
Chickpea Stew,0.909090909,0.203636364,0.02,0.505246069,0.051164324,0.275435788,1,1,0,0,0,0,0,1,407.27,1.2,50.52,3.58,82.63
Quinoa Salad,0,0.730909091,0.02,0.53364658,0.448465435,0.552880771,1,1,0,0,0,1,0,0,1461.82,1.2,53.36,31.39,165.86
Vegan Buddha Bowl,0.545454545,0.367272727,0.32,0.7319404,0.368264205,0.633219651,1,1,0,0,1,0,1,1,734.55,19.2,73.19,25.78,189.97
Paleo Chicken Bowl,0.454545455,0.927272727,0.94,0.802428937,0.150652701,0.507665218,0,0,1,1,1,0,0,0,1854.55,56.4,80.24,10.55,152.3
Eggplant Parmesan,0.181818182,0.730909091,0.5,0.514708399,0.226621513,0.64623667,0,1,0,0,0,1,0,0,1461.82,30,51.47,15.86,193.87
Almond Flour Pancakes,0.727272727,1,0.34,0.84199586,0.676945569,0.737330114,0,1,1,1,1,0,0,1,2000,20.4,84.2,47.39,221.2
Cauliflower Rice Bowl,0.545454545,0.752727273,0.58,0.699342075,0.228680926,0.170534965,1,1,0,1,1,0,0,1,1505.45,34.8,69.93,16.01,51.16
Eggplant Parmesan,0.727272727,0.001818182,0,0.09356869,0.899028343,0.904458694,0,1,0,0,0,1,0,1,3.64,0,9.36,62.93,271.34
Keto Avocado Salad,0.727272727,0.178181818,0.36,0.729668133,0.898922579,0.890971583,0,0,1,1,1,0,0,1,356.36,21.6,72.97,62.92,267.29
Quinoa Salad,0.636363636,0.761818182,0.74,0.672408466,0.581703142,0.370164109,1,1,0,0,0,1,0,1,1523.64,44.4,67.24,40.72,111.05
Keto Omelette,0.727272727,0.612727273,0.02,0.695432922,0.653157034,0.220424469,0,0,1,0,1,0,1,1,1225.45,1.2,69.54,45.72,66.13
Quinoa Salad,0.272727273,0.721818182,0.4,0.179728374,0.366946551,0.746388947,1,1,0,0,0,1,0,0,1443.64,24,17.97,25.69,223.92
Keto Omelette,0,0.058181818,0.94,0.094143624,0.368196706,0.261834902,0,0,1,0,1,0,0,0,116.36,56.4,9.41,25.77,78.55
Shrimp Zoodles,0.454545455,0.416363636,0.88,0.489227443,0.907933713,0.433000075,0,0,1,1,1,0,0,0,832.73,52.8,48.92,63.56,129.9
Quinoa Salad,1,0.872727273,0.08,0.231354423,0.500004946,0.572214761,1,1,0,0,0,1,0,1,1745.45,4.8,23.14,35,171.66
Chickpea Stew,0,0.310909091,0.54,0.472343632,0.279819535,0.887337285,1,1,0,0,0,0,0,0,621.82,32.4,47.23,19.59,266.2
Keto Avocado Salad,0.363636364,0.507272727,0.56,0.430369036,0.968642042,0.968397696,0,0,1,1,1,0,0,0,1014.55,33.6,43.04,67.8,290.52
Quinoa Salad,0.272727273,0.345454545,0.4,0.191878709,0.268706171,0.484479028,1,1,0,0,0,1,0,0,690.91,24,19.19,18.81,145.34
Cauliflower Rice Bowl,0.727272727,0.585454545,0.78,0.070765671,0.209000249,0.672510275,1,1,0,1,1,0,0,1,1170.91,46.8,7.08,14.63,201.75
Chicken Stir Fry,0.909090909,0.889090909,0.02,0.324193753,0.850360288,0.13175431,0,0,1,1,1,0,0,1,1778.18,1.2,32.42,59.53,39.53
Eggplant Parmesan,0.545454545,0.865454545,0.82,0.813501479,0.811706919,0.870724066,0,1,0,0,0,1,0,1,1730.91,49.2,81.35,56.82,261.22
Tofu Stir Fry,1,0.918181818,0.12,0.504077376,0.79985898,0.651083686,1,1,0,0,0,0,0,1,1836.36,7.2,50.41,55.99,195.33
Shrimp Zoodles,1,0.854545455,0.28,0.377497997,0.093774408,0.578563895,0,0,1,1,1,0,0,1,1709.09,16.8,37.75,6.56,173.57
Greek Yogurt Parfait,0.727272727,0.343636364,0.42,0.593852538,0.030133062,0.03132341,0,1,0,0,0,1,0,1,687.27,25.2,59.39,2.11,9.4
Paleo Chicken Bowl,0.454545455,0.805454545,0.72,0.524910671,0.771486177,0.21187766,0,0,1,1,1,0,0,0,1610.91,43.2,52.49,54,63.56
Mediterranean Wrap,0.545454545,0.354545455,0.1,0.051935154,0.532247083,0.540479847,0,0,0,0,0,1,0,1,709.09,6,5.19,37.26,162.14
Vegan Curry,0.272727273,0.487272727,0.98,0.518937272,0.323324807,0.797999581,1,1,0,0,0,0,0,0,974.55,58.8,51.89,22.63,239.4
Greek Yogurt Parfait,1,0.103636364,0.5,0.025469098,0.964625561,0.83926926,0,1,0,0,0,1,0,1,207.27,30,2.55,67.52,251.78
Keto Avocado Salad,1,0.103636364,0,0.4446098,0.239946525,0.088507726,0,0,1,1,1,0,0,1,207.27,0,44.46,16.8,26.55
Vegan Curry,0.363636364,0.492727273,0.76,0.660470612,0.436324712,0.732092938,1,1,0,0,0,0,0,0,985.45,45.6,66.05,30.54,219.63
Keto Omelette,1,0.278181818,0.3,0.159448609,0.120022964,0.339406438,0,0,1,0,1,0,0,1,556.36,18,15.94,8.4,101.82
Mediterranean Wrap,0,0.169090909,0.9,0.984523718,0.175327327,0.010900895,0,0,0,0,0,1,0,0,338.18,54,98.45,12.27,3.27
Eggplant Parmesan,0.363636364,1,0.7,0.1740787,0.434498883,0.396691887,0,1,0,0,0,1,0,0,2000,42,17.41,30.41,119.01
Vegetarian Pizza,0.454545455,0.18,0.66,0.262220312,0.014899136,0.937862015,0,1,0,0,0,0,0,0,360,39.6,26.22,1.04,281.36
Quinoa Salad,0.636363636,0.589090909,0.88,0.163758585,0.070302331,0.643451045,1,1,0,0,0,1,0,1,1178.18,52.8,16.38,4.92,193.04
Chickpea Stew,1,0.289090909,0.52,0.805046466,0.678427512,0.573593498,1,1,0,0,0,0,0,1,578.18,31.2,80.5,47.49,172.08
Quinoa Salad,0,0.774545455,0.72,0.629139043,0.822046306,0.652622263,1,1,0,0,0,1,0,0,1549.09,43.2,62.91,57.54,195.79
Grilled Salmon,1,0.516363636,0.24,0.215678266,0.377763987,0.032957188,0,0,1,1,1,1,0,1,1032.73,14.4,21.57,26.44,9.89
Cauliflower Rice Bowl,0.181818182,0.161818182,0.14,0.387362009,0.682884019,0.338136703,1,1,0,1,1,0,0,0,323.64,8.4,38.74,47.8,101.44
Greek Yogurt Parfait,0.727272727,0.354545455,0.98,0.632157626,0.879234943,0.737183347,0,1,0,0,0,1,0,1,709.09,58.8,63.22,61.55,221.16
Vegan Buddha Bowl,0.818181818,0.829090909,0.46,0.810962103,0.992552348,0.410969419,1,1,0,0,1,0,0,1,1658.18,27.6,81.1,69.48,123.29
Cauliflower Rice Bowl,0,0.172727273,0.46,0.871553216,0.562835881,0.234919112,1,1,0,1,1,0,0,0,345.45,27.6,87.16,39.4,70.48
Tofu Stir Fry,0.545454545,0.392727273,0.68,0.103641199,0.904378914,0.504684452,1,1,0,0,0,0,0,1,785.45,40.8,10.36,63.31,151.41
Eggplant Parmesan,0.727272727,0.62,0.24,0.900105563,0.389736618,0.004503698,0,1,0,0,0,1,0,1,1240,14.4,90.01,27.28,1.35
Keto Avocado Salad,0.181818182,0.136363636,0.16,0.32094002,0.952007459,0.955233106,0,0,1,1,1,0,0,0,272.73,9.6,32.09,66.64,286.57
Greek Yogurt Parfait,0.818181818,0.665454545,0.3,0.450734351,0.293504296,0.326037197,0,1,0,0,0,1,1,1,1330.91,18,45.07,20.55,97.81
Vegan Buddha Bowl,0.363636364,0.272727273,0.3,0.793657185,0.09099159,0.493726057,1,1,0,0,1,0,1,0,545.45,18,79.37,6.37,148.12
Gluten-Free Pasta,0.818181818,0.24,0.68,0.892246406,0.351353662,0.111971946,0,0,0,0,1,0,0,1,480,40.8,89.22,24.59,33.59
Lentil Soup,0.727272727,0.132727273,0.86,0.871304043,0.840145631,0.424600353,0,1,0,0,0,0,0,1,265.45,51.6,87.13,58.81,127.38
Vegan Curry,0.818181818,0.712727273,0.98,0.896460641,0.146529635,0.512852408,1,1,0,0,0,0,0,1,1425.45,58.8,89.65,10.26,153.86
Paleo Chicken Bowl,0.181818182,0.9,0.88,0.372531845,0.814399847,0.951835367,0,0,1,1,1,0,0,0,1800,52.8,37.25,57.01,285.55
Tofu Stir Fry,0.272727273,0.125454545,0.6,0.484126243,0.378494326,0.706846953,1,1,0,0,0,0,0,0,250.91,36,48.41,26.49,212.05
Vegetarian Pizza,0.818181818,0.963636364,0.76,0.436668886,0.253876284,0.403467346,0,1,0,0,0,0,0,1,1927.27,45.6,43.67,17.77,121.04
Almond Flour Pancakes,1,0.827272727,0.8,0.748017764,0.682308333,0.233816007,0,1,1,1,1,0,0,1,1654.55,48,74.8,47.76,70.14
Chickpea Stew,0.727272727,0.210909091,0.1,0.806212371,0.979916175,0.556029013,1,1,0,0,0,0,0,1,421.82,6,80.62,68.59,166.81
Turkey Lettuce Wraps,0.363636364,0.143636364,0.4,0.998047006,0.073538267,0.553853176,0,0,1,1,1,1,0,0,287.27,24,99.8,5.15,166.16
Almond Flour Pancakes,0.727272727,0.729090909,0.92,0.632615755,0.697054588,0.453381732,0,1,1,1,1,0,0,1,1458.18,55.2,63.26,48.79,136.01
Keto Omelette,0.545454545,0.02,0.18,0.955275395,0.892058885,0.454510431,0,0,1,0,1,0,0,1,40,10.8,95.53,62.44,136.35
Vegan Curry,0.818181818,0.630909091,0.7,0.466065481,0.353797007,0.584002562,1,1,0,0,0,0,1,1,1261.82,42,46.61,24.77,175.2
Mediterranean Wrap,0.727272727,0.910909091,0.32,0.281186998,0.411797003,0.603351384,0,0,0,0,0,1,0,1,1821.82,19.2,28.12,28.83,181.01
Eggplant Parmesan,0.181818182,0.458181818,0.1,0.954660687,0.727100784,0.614108707,0,1,0,0,0,1,0,0,916.36,6,95.47,50.9,184.23
Chicken Stir Fry,0.818181818,0.438181818,0.88,0.165668166,0.41184552,0.780210601,0,0,1,1,1,0,0,1,876.36,52.8,16.57,28.83,234.06
Cauliflower Rice Bowl,0,0.510909091,0.48,0.974878359,0.84379294,0.841645234,1,1,0,1,1,0,0,0,1021.82,28.8,97.49,59.07,252.49
Chicken Stir Fry,0.727272727,0.178181818,0,0.013730407,0.075104692,0.69332106,0,0,1,1,1,0,0,1,356.36,0,1.37,5.26,208
Mediterranean Wrap,0.363636364,0.792727273,0.44,0.772920622,0.946697902,0.853095922,0,0,0,0,0,1,0,0,1585.45,26.4,77.29,66.27,255.93
Chickpea Stew,0.363636364,0.14,0.16,0.129810308,0.956006552,0.606783704,1,1,0,0,0,0,0,0,280,9.6,12.98,66.92,182.04
Quinoa Salad,0,0.885454545,0.62,0.047125352,0.268904293,0.015983122,1,1,0,0,0,1,0,0,1770.91,37.2,4.71,18.82,4.79
Chicken Stir Fry,0.454545455,0.212727273,0.04,0.522820243,0.853880825,0.551883019,0,0,1,1,1,0,0,0,425.45,2.4,52.28,59.77,165.56
Mediterranean Wrap,0.909090909,0.727272727,0.94,0.482496906,0.421149523,0.787358987,0,0,0,0,0,1,0,1,1454.55,56.4,48.25,29.48,236.21
Shrimp Zoodles,0.090909091,0.134545455,1,0.907772524,0.618372223,0.98543687,0,0,1,1,1,0,0,0,269.09,60,90.78,43.29,295.63
Cauliflower Rice Bowl,0.090909091,0.607272727,0.52,0.091457237,0.727780012,0.547370466,1,1,0,1,1,0,0,0,1214.55,31.2,9.15,50.94,164.21
Quinoa Salad,0.636363636,0.607272727,0.58,0.625266307,0.864088641,0.954133911,1,1,0,0,0,1,0,1,1214.55,34.8,62.53,60.49,286.24
Vegan Buddha Bowl,0.818181818,0.332727273,0.32,0.494629153,0.258449973,0.458030008,1,1,0,0,1,0,1,1,665.45,19.2,49.46,18.09,137.41
Chicken Stir Fry,0.454545455,0.094545455,0.02,0.33042641,0.63454995,0.236485933,0,0,1,1,1,0,0,0,189.09,1.2,33.04,44.42,70.95
Greek Yogurt Parfait,0.727272727,0.330909091,0.3,0.152670259,0.138732425,0.641888499,0,1,0,0,0,1,0,1,661.82,18,15.27,9.71,192.57
Vegan Curry,0.272727273,0.509090909,0.04,0.878791155,0.516087968,0.977998748,1,1,0,0,0,0,0,0,1018.18,2.4,87.88,36.13,293.4
Greek Yogurt Parfait,0.181818182,0.007272727,0.34,0.280007812,0.177011767,0.083276667,0,1,0,0,0,1,0,0,14.55,20.4,28,12.39,24.98
Quinoa Salad,0.363636364,0.421818182,0.22,0.207380515,0.364742097,0.502827949,1,1,0,0,0,1,0,0,843.64,13.2,20.74,25.53,150.85
Tofu Stir Fry,0.909090909,0.130909091,0.5,0.803499676,0.629035651,0.076252188,1,1,0,0,0,0,0,1,261.82,30,80.35,44.03,22.88
Grilled Salmon,0,0.045454545,0.7,0.810325394,0.749697654,0.18021262,0,0,1,1,1,1,0,0,90.91,42,81.03,52.48,54.06
Turkey Lettuce Wraps,0.636363636,0.954545455,0.5,0.763842282,0.532157982,0.722458619,0,0,1,1,1,1,0,1,1909.09,30,76.38,37.25,216.74
Shrimp Zoodles,0.909090909,0.565454545,1,0.716997371,0.89701437,0.511184453,0,0,1,1,1,0,0,1,1130.91,60,71.7,62.79,153.36
Turkey Lettuce Wraps,1,0.496363636,0.74,0.535337896,0.242636417,0.265922891,0,0,1,1,1,1,0,1,992.73,44.4,53.53,16.98,79.78
Mediterranean Wrap,1,0.069090909,0.32,0.21252104,0.327877106,0.114698493,0,0,0,0,0,1,0,1,138.18,19.2,21.25,22.95,34.41
Chickpea Stew,0.272727273,0.043636364,0.06,0.356914292,0.650010722,0.478714806,1,1,0,0,0,0,0,0,87.27,3.6,35.69,45.5,143.61
Vegan Buddha Bowl,0.454545455,0.06,0.92,0.74925188,0.432301266,0.122607842,1,1,0,0,1,0,0,0,120,55.2,74.93,30.26,36.78
Keto Avocado Salad,0.363636364,0.94,0.5,0.610660283,0.244523804,0.497598086,0,0,1,1,1,0,0,0,1880,30,61.07,17.12,149.28
Paleo Chicken Bowl,0.363636364,0.683636364,0.64,0.00756132,0.22545561,0.36315739,0,0,1,1,1,0,0,0,1367.27,38.4,0.76,15.78,108.95
Eggplant Parmesan,0.272727273,0.634545455,0.2,0.088326793,0.807447726,0.049842193,0,1,0,0,0,1,0,0,1269.09,12,8.83,56.52,14.95
Keto Avocado Salad,0.545454545,0.44,0.6,0.412490466,0.984405385,0.106885192,0,0,1,1,1,0,0,1,880,36,41.25,68.91,32.07
Chicken Stir Fry,0.272727273,0.134545455,0.06,0.005315501,0.977075542,0.490011713,0,0,1,1,1,0,0,0,269.09,3.6,0.53,68.4,147
Paleo Chicken Bowl,0.181818182,0.8,0.02,0.559607389,0.572606389,0.276783959,0,0,1,1,1,0,0,0,1600,1.2,55.96,40.08,83.04
Lentil Soup,0.363636364,0.590909091,0.5,0.325328015,0.426062508,0.507069958,0,1,0,0,0,0,1,0,1181.82,30,32.53,29.82,152.12
Chickpea Stew,1,0,0.5,0.771706512,0.087065818,0.505545967,1,1,0,0,0,0,0,1,0,30,77.17,6.09,151.66
Vegan Buddha Bowl,0.909090909,0.469090909,0.64,0.371112937,0.454966552,0.548540769,1,1,0,0,1,0,0,1,938.18,38.4,37.11,31.85,164.56
Vegetarian Pizza,1,0.021818182,0.78,0.814017403,0.254837176,0.682990293,0,1,0,0,0,0,0,1,43.64,46.8,81.4,17.84,204.9
Chickpea Stew,0.727272727,0.998181818,0.68,0.350646264,0.931422997,0.833846029,1,1,0,0,0,0,0,1,1996.36,40.8,35.06,65.2,250.15
Lentil Soup,0.090909091,0.605454545,0.2,0.943142444,0.181244969,0.060811424,0,1,0,0,0,0,0,0,1210.91,12,94.31,12.69,18.24
Vegan Curry,0.454545455,0.632727273,0.14,0.832176525,0.751945527,0.80240126,1,1,0,0,0,0,0,0,1265.45,8.4,83.22,52.64,240.72
Keto Omelette,0.363636364,0.298181818,0.08,0.236889149,0.634908559,0.911993629,0,0,1,0,1,0,0,0,596.36,4.8,23.69,44.44,273.6
Tofu Stir Fry,0.818181818,0.16,0.34,0.820776896,0.439795429,0.374880138,1,1,0,0,0,0,0,1,320,20.4,82.08,30.79,112.46
Greek Yogurt Parfait,0.454545455,0.04,0.28,0.580437078,0.355812286,0.389587362,0,1,0,0,0,1,0,0,80,16.8,58.04,24.91,116.88
Chicken Stir Fry,0.363636364,0.187272727,1,0.54562243,0.432169533,0.330236851,0,0,1,1,1,0,1,0,374.55,60,54.56,30.25,99.07
Greek Yogurt Parfait,0.636363636,0.812727273,0.28,0.883124784,0.496225712,0.743647735,0,1,0,0,0,1,0,1,1625.45,16.8,88.31,34.74,223.09
Vegan Buddha Bowl,0.454545455,0.8,0.64,0.710595573,0.780086137,0.138336847,1,1,0,0,1,0,0,0,1600,38.4,71.06,54.61,41.5
Vegan Buddha Bowl,0.454545455,0.947272727,0.08,0.881251745,0.342498183,0.824374741,1,1,0,0,1,0,0,0,1894.55,4.8,88.13,23.97,247.31
Turkey Lettuce Wraps,0.272727273,0.390909091,0.28,0.801373792,0.149850572,0.225464657,0,0,1,1,1,1,1,0,781.82,16.8,80.14,10.49,67.64
Lentil Soup,0.090909091,0.745454545,0.6,0.601501015,0.566486695,0.718071053,0,1,0,0,0,0,0,0,1490.91,36,60.15,39.65,215.42
Mediterranean Wrap,0.272727273,0.018181818,0.18,0.34426971,0.227478871,0.422076648,0,0,0,0,0,1,0,0,36.36,10.8,34.43,15.92,126.62
Shrimp Zoodles,0.909090909,0.718181818,0.5,0.589225493,0.506717084,0.612124877,0,0,1,1,1,0,0,1,1436.36,30,58.92,35.47,183.64
Turkey Lettuce Wraps,0.636363636,0.834545455,0.86,0.568020619,0.697958992,0.926797538,0,0,1,1,1,1,0,1,1669.09,51.6,56.8,48.86,278.04
Vegan Curry,0.818181818,0.685454545,0.16,0.426294765,0.737852483,0.938803576,1,1,0,0,0,0,0,1,1370.91,9.6,42.63,51.65,281.64
Grilled Salmon,0.545454545,0.734545455,0.5,0.843189935,0.12453231,0.925120709,0,0,1,1,1,1,0,1,1469.09,30,84.32,8.72,277.54
Greek Yogurt Parfait,0.636363636,0.781818182,0.16,0.748055954,0.205652942,0.790517017,0,1,0,0,0,1,0,1,1563.64,9.6,74.81,14.4,237.16
Keto Avocado Salad,0.181818182,0.441818182,0.48,0.86793629,0.924837563,0.46467093,0,0,1,1,1,0,0,0,883.64,28.8,86.79,64.74,139.4
Chicken Stir Fry,0.909090909,0.96,0.84,0.033003479,0.914601115,0.244660998,0,0,1,1,1,0,0,1,1920,50.4,3.3,64.02,73.4
Gluten-Free Pasta,0.272727273,0.909090909,0.46,0.313059332,0.782014744,0.274364143,0,0,0,0,1,0,0,0,1818.18,27.6,31.31,54.74,82.31
Cauliflower Rice Bowl,0.363636364,0.087272727,0.12,0.980534143,0.459699441,0.557344508,1,1,0,1,1,0,0,0,174.55,7.2,98.05,32.18,167.2
Vegan Curry,0,0.592727273,0,0.311515207,0.397873468,0.425305917,1,1,0,0,0,0,0,0,1185.45,0,31.15,27.85,127.59
Greek Yogurt Parfait,0,0.778181818,0.56,0.474476952,0.565817802,0.06001461,0,1,0,0,0,1,0,0,1556.36,33.6,47.45,39.61,18
Shrimp Zoodles,0.181818182,0.316363636,0.98,0.527068694,0.441427361,0.39897655,0,0,1,1,1,0,1,0,632.73,58.8,52.71,30.9,119.69
Paleo Chicken Bowl,0.181818182,0.478181818,0.56,0.075879001,0.754696725,0.269017186,0,0,1,1,1,0,0,0,956.36,33.6,7.59,52.83,80.71
Greek Yogurt Parfait,0.090909091,0.689090909,0.64,0.025504893,0.156101423,0.717861795,0,1,0,0,0,1,0,0,1378.18,38.4,2.55,10.93,215.36
Vegan Curry,0,0.567272727,0.04,0.232248515,0.673138645,0.013480063,1,1,0,0,0,0,0,0,1134.55,2.4,23.22,47.12,4.04
Turkey Lettuce Wraps,0.363636364,0.090909091,0.64,0.559565869,0.722182032,0.808246479,0,0,1,1,1,1,0,0,181.82,38.4,55.96,50.55,242.47
Shrimp Zoodles,0.636363636,0.890909091,0.3,0.399209385,0.669321462,0.200914546,0,0,1,1,1,0,0,1,1781.82,18,39.92,46.85,60.27
Eggplant Parmesan,0.090909091,0.010909091,0.18,0.085935495,0.20796519,0.020381286,0,1,0,0,0,1,0,0,21.82,10.8,8.59,14.56,6.11
Greek Yogurt Parfait,0.272727273,0.516363636,0.34,0.897239418,0.819055521,0.339343396,0,1,0,0,0,1,0,0,1032.73,20.4,89.72,57.33,101.8
Vegetarian Pizza,0.090909091,0.854545455,0.22,0.834904065,0.345616401,0.776398899,0,1,0,0,0,0,0,0,1709.09,13.2,83.49,24.19,232.92
Keto Avocado Salad,0.090909091,0.094545455,0.86,0.220624918,0.976554337,0.782392242,0,0,1,1,1,0,0,0,189.09,51.6,22.06,68.36,234.72
Chickpea Stew,0.818181818,0.285454545,0.9,0.473470321,0.18212124,0.483971672,1,1,0,0,0,0,1,1,570.91,54,47.35,12.75,145.19
Chickpea Stew,0.727272727,0.429090909,0.48,0.259198953,0.139262657,0.838207132,1,1,0,0,0,0,0,1,858.18,28.8,25.92,9.75,251.46
Vegan Buddha Bowl,0.818181818,0.801818182,0.56,0.172548305,0.272548279,0.012144809,1,1,0,0,1,0,0,1,1603.64,33.6,17.25,19.08,3.64
Cauliflower Rice Bowl,0.363636364,0.074545455,0.7,0.500634262,0.06690045,0.403513883,1,1,0,1,1,0,0,0,149.09,42,50.06,4.68,121.05
Paleo Chicken Bowl,0.818181818,0.62,0.4,0.265024805,0.266724737,0.734263219,0,0,1,1,1,0,0,1,1240,24,26.5,18.67,220.28
Chicken Stir Fry,1,0.825454545,0.18,0.91909118,0.419379829,0.381146474,0,0,1,1,1,0,0,1,1650.91,10.8,91.91,29.36,114.34
Shrimp Zoodles,0.090909091,0.658181818,0,0.08321173,0.60422513,0.241750109,0,0,1,1,1,0,0,0,1316.36,0,8.32,42.3,72.53
Grilled Salmon,0.636363636,0.018181818,0.7,0.722722912,0.297425076,0.566549898,0,0,1,1,1,1,0,1,36.36,42,72.27,20.82,169.96
Chicken Stir Fry,0.545454545,0.736363636,0.08,0.486224908,0.270146149,0.539678264,0,0,1,1,1,0,0,1,1472.73,4.8,48.62,18.91,161.9
Greek Yogurt Parfait,0.181818182,0.441818182,0.84,0.850738223,0.957194818,0.150015634,0,1,0,0,0,1,0,0,883.64,50.4,85.07,67,45
Keto Avocado Salad,0.818181818,0.816363636,0.16,0.075511544,0.729576241,0.494809559,0,0,1,1,1,0,0,1,1632.73,9.6,7.55,51.07,148.44
Grilled Salmon,0.636363636,0.074545455,0.48,0.24765438,0.820718449,0.802278594,0,0,1,1,1,1,0,1,149.09,28.8,24.77,57.45,240.68
Lentil Soup,0.181818182,0.867272727,0.74,0.593246853,0.361437844,0.086189789,0,1,0,0,0,0,0,0,1734.55,44.4,59.32,25.3,25.86
Chickpea Stew,0,0.598181818,0.96,0.186070965,0.542819922,0.876666082,1,1,0,0,0,0,0,0,1196.36,57.6,18.61,38,263
Vegan Curry,0.363636364,0.145454545,0.44,0.727806281,0.63839031,0.985552275,1,1,0,0,0,0,0,0,290.91,26.4,72.78,44.69,295.67
Cauliflower Rice Bowl,0.727272727,0.485454545,0.28,0.696719502,0.051281674,0.671269924,1,1,0,1,1,0,1,1,970.91,16.8,69.67,3.59,201.38
Vegetarian Pizza,0.545454545,0.727272727,0.44,0.558646172,0.473956337,0.310043131,0,1,0,0,0,0,1,1,1454.55,26.4,55.86,33.18,93.01
Turkey Lettuce Wraps,0.363636364,0.941818182,0.16,0.193575365,0.115128058,0.420221054,0,0,1,1,1,1,0,0,1883.64,9.6,19.36,8.06,126.07
Cauliflower Rice Bowl,0.272727273,0.729090909,0.82,0.647841477,0.651358613,0.362490127,1,1,0,1,1,0,0,0,1458.18,49.2,64.78,45.6,108.75
Lentil Soup,1,0.176363636,0.04,0.699849039,0.340285848,0.726758903,0,1,0,0,0,0,0,1,352.73,2.4,69.98,23.82,218.03
Lentil Soup,0.545454545,0.956363636,0.96,0.541151793,0.66287533,0.740000546,0,1,0,0,0,0,0,1,1912.73,57.6,54.12,46.4,222
Quinoa Salad,0.818181818,0.194545455,0.02,0.024514263,0.87184326,0.015057116,1,1,0,0,0,1,0,1,389.09,1.2,2.45,61.03,4.52
Tofu Stir Fry,0.090909091,0.754545455,0.62,0.802869295,1,0.34834159,1,1,0,0,0,0,0,0,1509.09,37.2,80.29,70,104.5
Chickpea Stew,0.363636364,0.492727273,0.86,0.989120118,0.769761711,0.416178575,1,1,0,0,0,0,0,0,985.45,51.6,98.91,53.88,124.85
Gluten-Free Pasta,0.272727273,0.705454545,0,0.239990377,0.110308058,0.352297536,0,0,0,0,1,0,0,0,1410.91,0,24,7.72,105.69
Cauliflower Rice Bowl,0.272727273,0.263636364,0.72,0.042297433,0.017474992,0.992781199,1,1,0,1,1,0,0,0,527.27,43.2,4.23,1.22,297.83
Keto Avocado Salad,0,0.623636364,0.06,0.219361835,0.951906422,0.789055292,0,0,1,1,1,0,0,0,1247.27,3.6,21.94,66.63,236.72
Grilled Salmon,1,0.798181818,0.9,0.603868845,0.90555292,0.994260776,0,0,1,1,1,1,0,1,1596.36,54,60.39,63.39,298.28
Gluten-Free Pasta,0.272727273,0.561818182,1,0.515306906,0.230806047,0.172126416,0,0,0,0,1,0,1,0,1123.64,60,51.53,16.16,51.64
Keto Avocado Salad,0,0.918181818,0.04,0.830432432,0.802339712,0.630662262,0,0,1,1,1,0,0,0,1836.36,2.4,83.04,56.16,189.2
Chickpea Stew,0.727272727,0.178181818,0.38,1,0.173888697,0.394402782,1,1,0,0,0,0,0,1,356.36,22.8,100,12.17,118.32
Cauliflower Rice Bowl,0.090909091,0.110909091,0.32,0.154673697,0.817441034,0.220597728,1,1,0,1,1,0,0,0,221.82,19.2,15.47,57.22,66.18
Turkey Lettuce Wraps,0.727272727,0.596363636,0.06,0.583050353,0.09127303,0.881233764,0,0,1,1,1,1,0,1,1192.73,3.6,58.31,6.39,264.37
Keto Omelette,0.909090909,0.981818182,0.16,0.044592621,0.853892888,0.02937513,0,0,1,0,1,0,0,1,1963.64,9.6,4.46,59.77,8.81
Turkey Lettuce Wraps,0.636363636,0.974545455,0.08,0.738972597,0.281654758,0.249135228,0,0,1,1,1,1,0,1,1949.09,4.8,73.9,19.72,74.74
Paleo Chicken Bowl,0.636363636,0.454545455,0.08,0.049022147,0.533498109,0.966882221,0,0,1,1,1,0,0,1,909.09,4.8,4.9,37.34,290.06
Eggplant Parmesan,1,0.205454545,0.78,0.887423879,0.516933054,0.910625446,0,1,0,0,0,1,0,1,410.91,46.8,88.74,36.19,273.19
Keto Omelette,0.636363636,0.070909091,0.66,0.546556796,0.866223168,0.736008681,0,0,1,0,1,0,0,1,141.82,39.6,54.66,60.64,220.8
Greek Yogurt Parfait,0.636363636,0.165454545,0.64,0.158136122,0.160359613,0.331443858,0,1,0,0,0,1,0,1,330.91,38.4,15.81,11.23,99.43
Tofu Stir Fry,0.727272727,0.307272727,0.7,0.621773157,0.754165812,0.153994466,1,1,0,0,0,0,0,1,614.55,42,62.18,52.79,46.2
Grilled Salmon,0.818181818,0.054545455,0.44,0.005159871,0.821565173,0.22483112,0,0,1,1,1,1,0,1,109.09,26.4,0.52,57.51,67.45
Gluten-Free Pasta,0.090909091,0.645454545,0.02,0.836391327,0.50830011,0,0,0,0,0,1,0,0,0,1290.91,1.2,83.64,35.58,0
Tofu Stir Fry,0.909090909,0.203636364,0.8,0.635043033,0.260013087,0.634939348,1,1,0,0,0,0,0,1,407.27,48,63.5,18.2,190.48
Tofu Stir Fry,0.181818182,0.590909091,0.36,0.764920277,0.542183958,0.967762399,1,1,0,0,0,0,0,0,1181.82,21.6,76.49,37.95,290.33
Turkey Lettuce Wraps,0.363636364,0.503636364,0.06,0.174633135,0.772348896,0.951885253,0,0,1,1,1,1,0,0,1007.27,3.6,17.46,54.06,285.57
Chickpea Stew,1,0.727272727,0.18,0.475991626,0.057622234,0.069105184,1,1,0,0,0,0,0,1,1454.55,10.8,47.6,4.03,20.73
Cauliflower Rice Bowl,0.090909091,0.489090909,0.92,0.973836499,0.751093296,0.125143004,1,1,0,1,1,0,0,0,978.18,55.2,97.38,52.58,37.54
Lentil Soup,0.545454545,0.050909091,0.2,0.82571561,0.372324788,0.821874255,0,1,0,0,0,0,0,1,101.82,12,82.57,26.06,246.56
Grilled Salmon,0.818181818,0.976363636,0.66,0.275018675,0.999188353,0.424691228,0,0,1,1,1,1,0,1,1952.73,39.6,27.5,69.94,127.41
Tofu Stir Fry,0.727272727,0.069090909,0.28,0.798875223,0.694982928,0.216883957,1,1,0,0,0,0,0,1,138.18,16.8,79.89,48.65,65.07
Chicken Stir Fry,0.272727273,0.038181818,0.2,0.274649652,0.95281107,0.146359234,0,0,1,1,1,0,0,0,76.36,12,27.46,66.7,43.91
Turkey Lettuce Wraps,0.363636364,0.150909091,0.1,0.763981663,0.44296724,0.309129735,0,0,1,1,1,1,0,0,301.82,6,76.4,31.01,92.74
Paleo Chicken Bowl,0.090909091,0.294545455,0.96,0.654998178,0.369009285,0.867978345,0,0,1,1,1,0,0,0,589.09,57.6,65.5,25.83,260.39
Eggplant Parmesan,0.909090909,0.107272727,0.9,0.204734541,0.090949872,0.148989705,0,1,0,0,0,1,0,1,214.55,54,20.47,6.37,44.7
Shrimp Zoodles,0.090909091,0.36,0.04,0.800873702,0.294463905,0.916009832,0,0,1,1,1,0,0,0,720,2.4,80.09,20.61,274.8
Keto Omelette,0.272727273,0.956363636,0.48,0.00122646,0.599388151,0.607928717,0,0,1,0,1,0,0,0,1912.73,28.8,0.12,41.96,182.38
Almond Flour Pancakes,0.272727273,0.945454545,0.74,0.226685468,0.160786047,0.652657363,0,1,1,1,1,0,0,0,1890.91,44.4,22.67,11.26,195.8
Chicken Stir Fry,0.636363636,0.716363636,0.24,0.150336296,0.465323158,0.681931998,0,0,1,1,1,0,0,1,1432.73,14.4,15.03,32.57,204.58
Cauliflower Rice Bowl,0.454545455,0.987272727,0.2,0.698535445,0.861841693,0.782485531,1,1,0,1,1,0,0,0,1974.55,12,69.85,60.33,234.75
Vegan Curry,0.909090909,0.387272727,1,0.105456775,0.242209859,0.991709043,1,1,0,0,0,0,0,1,774.55,60,10.55,16.95,297.51
Turkey Lettuce Wraps,0.454545455,0.154545455,0.54,0.706056918,0.560612294,0.003424452,0,0,1,1,1,1,0,0,309.09,32.4,70.61,39.24,1.03
Quinoa Salad,0.090909091,0.407272727,0.64,0.887049183,0.082272147,0.827669465,1,1,0,0,0,1,0,0,814.55,38.4,88.7,5.76,248.3
Gluten-Free Pasta,0.090909091,0.3,0.76,0.201877801,0.694493415,0.824560304,0,0,0,0,1,0,0,0,600,45.6,20.19,48.61,247.37
Vegetarian Pizza,0.545454545,0.776363636,0.96,0.956419726,0.124088482,0.900212995,0,1,0,0,0,0,0,1,1552.73,57.6,95.64,8.69,270.06
Keto Avocado Salad,0.454545455,0.130909091,0.76,0.616076881,0.299143558,0.939648112,0,0,1,1,1,0,0,0,261.82,45.6,61.61,20.94,281.89
Vegan Curry,0.090909091,0.576363636,0.38,0.341179876,0.816430488,0.074588827,1,1,0,0,0,0,0,0,1152.73,22.8,34.12,57.15,22.38
Almond Flour Pancakes,0.272727273,0.707272727,0.42,0.45462698,0.644752385,0.526081402,0,1,1,1,1,0,1,0,1414.55,25.2,45.46,45.13,157.82
Vegetarian Pizza,0.909090909,0.02,0.44,0.653618497,0.480040411,0.616462669,0,1,0,0,0,0,0,1,40,26.4,65.36,33.6,184.94
Greek Yogurt Parfait,0.545454545,0.645454545,0.88,0.183040485,0.791240688,0.659929504,0,1,0,0,0,1,0,1,1290.91,52.8,18.3,55.39,197.98
Greek Yogurt Parfait,1,0.996363636,0.62,0.545249854,0.494073533,0.076016933,0,1,0,0,0,1,0,1,1992.73,37.2,54.52,34.59,22.81
Greek Yogurt Parfait,0.181818182,0.807272727,0.56,0.420534483,0.203646381,0.843793703,0,1,0,0,0,1,0,0,1614.55,33.6,42.05,14.26,253.14
Chickpea Stew,0.363636364,0.287272727,0.46,0.427664419,0.346361117,0.368905598,1,1,0,0,0,0,1,0,574.55,27.6,42.77,24.25,110.67
Almond Flour Pancakes,1,0.274545455,0.98,0.871467669,0.579686871,0.437270356,0,1,1,1,1,0,0,1,549.09,58.8,87.15,40.58,131.18
Chicken Stir Fry,0.272727273,0.607272727,0.66,0.797012261,0.656212779,0.997243567,0,0,1,1,1,0,0,0,1214.55,39.6,79.7,45.93,299.17
Lentil Soup,0.181818182,0.429090909,0.34,0.634788426,0.734512892,0.126641726,0,1,0,0,0,0,0,0,858.18,20.4,63.48,51.42,37.99
Vegan Curry,0.272727273,0.867272727,0.44,0.635773768,0.373342449,0.512133153,1,1,0,0,0,0,0,0,1734.55,26.4,63.58,26.13,153.64
Mediterranean Wrap,0.363636364,0.576363636,0.92,0.595948374,0.580428221,0.663888648,0,0,0,0,0,1,1,0,1152.73,55.2,59.59,40.63,199.17
Gluten-Free Pasta,0.454545455,0.261818182,0.48,0.974373708,0.258338738,0.657935406,0,0,0,0,1,0,0,0,523.64,28.8,97.44,18.08,197.38
Quinoa Salad,0.636363636,0.834545455,0.7,0.974784527,0.454486918,0.232343018,1,1,0,0,0,1,0,1,1669.09,42,97.48,31.81,69.7
Keto Omelette,0.454545455,0.489090909,0.3,0.522428692,0.337406838,0.83208974,0,0,1,0,1,0,0,0,978.18,18,52.24,23.62,249.63
Quinoa Salad,0.363636364,0.5,0.14,0.620299243,0.708110853,0.162529662,1,1,0,0,0,1,0,0,1000,8.4,62.03,49.57,48.76
Almond Flour Pancakes,1,0.218181818,0.84,0.740168059,0.665030088,0.473705837,0,1,1,1,1,0,0,1,436.36,50.4,74.02,46.55,142.11
Chickpea Stew,0.636363636,0.281818182,0.92,0.872713813,0.205915002,0.106764518,1,1,0,0,0,0,0,1,563.64,55.2,87.27,14.41,32.03
Cauliflower Rice Bowl,0.090909091,0.927272727,0.72,0.94139878,0.038998594,0.117073656,1,1,0,1,1,0,0,0,1854.55,43.2,94.14,2.73,35.12
Paleo Chicken Bowl,0.363636364,0.105454545,0.08,0.103827237,0.585697241,0.689773635,0,0,1,1,1,0,0,0,210.91,4.8,10.38,41,206.93
Almond Flour Pancakes,0.363636364,0.438181818,0.46,0.689475052,0.016979605,0.320438771,0,1,1,1,1,0,1,0,876.36,27.6,68.95,1.19,96.13
Gluten-Free Pasta,0.636363636,0.898181818,0.84,0.491342666,0.668097513,0.134819569,0,0,0,0,1,0,0,1,1796.36,50.4,49.13,46.77,40.45
Tofu Stir Fry,0.272727273,0.609090909,0.98,0.202877265,0.674682208,0.974763145,1,1,0,0,0,0,0,0,1218.18,58.8,20.29,47.23,292.43
Quinoa Salad,0.545454545,0.638181818,0.74,0.872584125,0.177151423,0.694243246,1,1,0,0,0,1,0,1,1276.36,44.4,87.26,12.4,208.27
Grilled Salmon,0.818181818,0.750909091,0.98,0.24538807,0.832522936,0.868231853,0,0,1,1,1,1,0,1,1501.82,58.8,24.54,58.28,260.47
Chickpea Stew,1,0.625454545,0.9,0.923378915,0.601676169,0.94538782,1,1,0,0,0,0,0,1,1250.91,54,92.34,42.12,283.62
Shrimp Zoodles,0.363636364,0.550909091,0.08,0.580134499,0.349006428,0.154684764,0,0,1,1,1,0,1,0,1101.82,4.8,58.01,24.43,46.41
Paleo Chicken Bowl,0.727272727,0.290909091,0.8,0.998421056,0.753876208,0.085076578,0,0,1,1,1,0,0,1,581.82,48,99.84,52.77,25.52
Keto Avocado Salad,0.909090909,0.587272727,0.66,0.406201865,0.327411748,0.668918741,0,0,1,1,1,0,0,1,1174.55,39.6,40.62,22.92,200.68
Paleo Chicken Bowl,0.090909091,0.72,0.8,0.318811235,0.870641998,0.373593124,0,0,1,1,1,0,0,0,1440,48,31.88,60.94,112.08
Gluten-Free Pasta,0.727272727,0.116363636,0.22,0.612948545,0.56441207,0.378395943,0,0,0,0,1,0,0,1,232.73,13.2,61.29,39.51,113.52
Quinoa Salad,0,0.901818182,0.68,0.228423825,0.072936115,0.604025871,1,1,0,0,0,1,0,0,1803.64,40.8,22.84,5.11,181.21
Shrimp Zoodles,0.818181818,0.003636364,0.4,0.867750852,0.519943371,0.478309914,0,0,1,1,1,0,0,1,7.27,24,86.78,36.4,143.49
Lentil Soup,0.363636364,0.550909091,0.72,0.2473203,0.47745046,0.392504201,0,1,0,0,0,0,0,0,1101.82,43.2,24.73,33.42,117.75
Paleo Chicken Bowl,0.090909091,0.66,0.84,0.018314421,0.195826468,0.00119073,0,0,1,1,1,0,0,0,1320,50.4,1.83,13.71,0.36
Turkey Lettuce Wraps,0.363636364,0.223636364,0.28,0.244719665,0.928922123,0.054509903,0,0,1,1,1,1,0,0,447.27,16.8,24.47,65.02,16.35
Tofu Stir Fry,0.454545455,0.605454545,0.06,0.258082136,0.285145457,0.304413339,1,1,0,0,0,0,0,0,1210.91,3.6,25.81,19.96,91.32
Turkey Lettuce Wraps,1,0.527272727,0.14,0.312893012,0.611424866,0.718042322,0,0,1,1,1,1,0,1,1054.55,8.4,31.29,42.8,215.41
Chickpea Stew,0.272727273,0.161818182,0.48,0.525149671,0.123088662,0.862978247,1,1,0,0,0,0,0,0,323.64,28.8,52.51,8.62,258.89
Gluten-Free Pasta,0.545454545,0.565454545,0.96,0.570210834,0.256764139,0.967696511,0,0,0,0,1,0,0,1,1130.91,57.6,57.02,17.97,290.31
Vegan Buddha Bowl,0.454545455,0.698181818,0.86,0.043623544,0.634299844,0.956038586,1,1,0,0,1,0,0,0,1396.36,51.6,4.36,44.4,286.81
Keto Avocado Salad,0.818181818,0.945454545,0.28,0.614103624,0.411618303,0.843195706,0,0,1,1,1,0,0,1,1890.91,16.8,61.41,28.81,252.96
Vegan Curry,0.636363636,0.087272727,0.5,0.256944761,0.302376283,0.734034066,1,1,0,0,0,0,0,1,174.55,30,25.69,21.17,220.21
Vegan Buddha Bowl,1,0.301818182,0.18,0.813671166,0.768140365,0.144989521,1,1,0,0,1,0,0,1,603.64,10.8,81.37,53.77,43.5
Cauliflower Rice Bowl,0.363636364,0.876363636,0.86,0.867211527,0.216841001,0.090370465,1,1,0,1,1,0,0,0,1752.73,51.6,86.72,15.18,27.11
Eggplant Parmesan,0.363636364,0.76,0.54,0.207232204,0.639121357,0.253419369,0,1,0,0,0,1,0,0,1520,32.4,20.72,44.74,76.03
Tofu Stir Fry,0.727272727,0.46,0.48,0.99284116,0.136339001,0.696791221,1,1,0,0,0,0,0,1,920,28.8,99.28,9.54,209.04
Keto Omelette,0.818181818,0.678181818,0.76,0.728221925,0.015416986,0.338607587,0,0,1,0,1,0,1,1,1356.36,45.6,72.82,1.08,101.58
Shrimp Zoodles,0.181818182,0.394545455,0.74,0.581342344,0.27440628,0.073885239,0,0,1,1,1,0,1,0,789.09,44.4,58.13,19.21,22.17
Vegan Curry,0.363636364,0.64,0.7,0.192839909,0.32374094,0.222839401,1,1,0,0,0,0,0,0,1280,42,19.28,22.66,66.85
Keto Avocado Salad,0.545454545,0.938181818,0.86,0.234899329,0.540926139,0.883882524,0,0,1,1,1,0,0,1,1876.36,51.6,23.49,37.86,265.16
Cauliflower Rice Bowl,0.181818182,0.690909091,0.04,0.191289534,0.052026612,0.376429999,1,1,0,1,1,0,0,0,1381.82,2.4,19.13,3.64,112.93
Paleo Chicken Bowl,0,0.641818182,0.44,0.46758042,0.059849704,0.562394167,0,0,1,1,1,0,0,0,1283.64,26.4,46.76,4.19,168.72
Vegan Buddha Bowl,0.363636364,0.865454545,0.6,0.758698439,0.170462792,0.407792977,1,1,0,0,1,0,0,0,1730.91,36,75.87,11.93,122.34
Eggplant Parmesan,1,0.725454545,0.22,0.986258417,0.475636979,0.380527086,0,1,0,0,0,1,0,1,1450.91,13.2,98.63,33.29,114.16
Greek Yogurt Parfait,0.636363636,0.938181818,0.38,0.931744783,0.540871217,0.845393028,0,1,0,0,0,1,0,1,1876.36,22.8,93.17,37.86,253.62
Almond Flour Pancakes,0.454545455,0.736363636,0.34,0.791932227,0.866416966,0.609122443,0,1,1,1,1,0,0,0,1472.73,20.4,79.19,60.65,182.74
Lentil Soup,0.454545455,0.907272727,0.66,0.063421088,0.117501018,0.223548473,0,1,0,0,0,0,0,0,1814.55,39.6,6.34,8.23,67.06
Tofu Stir Fry,0.090909091,0.654545455,0.4,0.348086703,0.239212657,0.509208479,1,1,0,0,0,0,0,0,1309.09,24,34.81,16.74,152.76
Keto Omelette,0.272727273,0.738181818,0.5,0.603663685,0.516532456,0.92365389,0,0,1,0,1,0,0,0,1476.36,30,60.37,36.16,277.1
Grilled Salmon,0.454545455,0.572727273,0.72,0.393037116,0.501969494,0.395350466,0,0,1,1,1,1,1,0,1145.45,43.2,39.3,35.14,118.61
Paleo Chicken Bowl,0.090909091,0.778181818,0.68,0.677751287,0.533376477,0.723375192,0,0,1,1,1,0,0,0,1556.36,40.8,67.78,37.34,217.01
Keto Omelette,0.545454545,0.954545455,0.16,0.32417085,0.022507507,0.149124369,0,0,1,0,1,0,0,1,1909.09,9.6,32.42,1.58,44.74
Keto Omelette,0.090909091,0.372727273,0.38,0.575969434,0.934632645,0.575410756,0,0,1,0,1,0,0,0,745.45,22.8,57.6,65.42,172.62
Quinoa Salad,0.272727273,0.170909091,0.26,0.139900415,0.900076842,0.832544016,1,1,0,0,0,1,0,0,341.82,15.6,13.99,63.01,249.76
Almond Flour Pancakes,0.181818182,0.876363636,0.8,0.829422348,0.667538739,0.116721594,0,1,1,1,1,0,0,0,1752.73,48,82.94,46.73,35.02
Chicken Stir Fry,0.272727273,0.974545455,0.28,0.968044193,0.550467697,0.970625563,0,0,1,1,1,0,0,0,1949.09,16.8,96.8,38.53,291.19
Tofu Stir Fry,0.272727273,0.810909091,0.1,0.000322517,0.017288399,0.603119998,1,1,0,0,0,0,0,0,1621.82,6,0.03,1.21,180.94
Greek Yogurt Parfait,0.181818182,0.938181818,0.36,0.192754604,0.211844016,0.48379283,0,1,0,0,0,1,0,0,1876.36,21.6,19.28,14.83,145.14
Cauliflower Rice Bowl,0.636363636,0.84,0.16,0.43253311,0.170650082,0.069039827,1,1,0,1,1,0,0,1,1680,9.6,43.25,11.95,20.71
Shrimp Zoodles,0.181818182,0.476363636,0.3,0.695154358,0.619162167,0.634113753,0,0,1,1,1,0,1,0,952.73,18,69.52,43.34,190.23
Vegan Curry,0,0.181818182,0.76,0.221923652,0.173745685,0.6569106,1,1,0,0,0,0,0,0,363.64,45.6,22.19,12.16,197.07
Paleo Chicken Bowl,0.545454545,0.112727273,0.72,0.891140796,0.450471953,0.19043192,0,0,1,1,1,0,0,1,225.45,43.2,89.11,31.53,57.13
Gluten-Free Pasta,0.909090909,0.165454545,0.42,0.831771466,0.735015511,0.771816444,0,0,0,0,1,0,0,1,330.91,25.2,83.18,51.45,231.54
Chicken Stir Fry,0.909090909,0.734545455,0.74,0.261134355,0.761758042,0.13224838,0,0,1,1,1,0,0,1,1469.09,44.4,26.11,53.32,39.67
Gluten-Free Pasta,0.363636364,0.116363636,0.24,0.01217126,0.241364179,0.980794381,0,0,0,0,1,0,0,0,232.73,14.4,1.22,16.9,294.24
Cauliflower Rice Bowl,0.363636364,0.312727273,0.62,0.490345038,0.109568288,0.547889633,1,1,0,1,1,0,1,0,625.45,37.2,49.03,7.67,164.37
Almond Flour Pancakes,0.545454545,0.925454545,0.06,0.869084401,0.243646416,0.652850774,0,1,1,1,1,0,0,1,1850.91,3.6,86.91,17.06,195.86
Keto Omelette,0.727272727,0.790909091,0.56,0.461792033,0.78654695,0.896028139,0,0,1,0,1,0,0,1,1581.82,33.6,46.18,55.06,268.81
Keto Avocado Salad,0,0.216363636,0.16,0.947656166,0.810473892,0.070847713,0,0,1,1,1,0,0,0,432.73,9.6,94.77,56.73,21.25
Quinoa Salad,0.818181818,0.438181818,0.78,0.463833147,0.638360131,0.660583187,1,1,0,0,0,1,1,1,876.36,46.8,46.38,44.69,198.17
Vegan Curry,0,0.141818182,0.32,0.066982271,0.519267913,0.145459977,1,1,0,0,0,0,0,0,283.64,19.2,6.7,36.35,43.64
Lentil Soup,0,0.156363636,0.72,0.048064498,0.037673577,0.748449435,0,1,0,0,0,0,0,0,312.73,43.2,4.81,2.64,224.53
Quinoa Salad,0.181818182,0.74,0.68,0.012158897,0.958463085,0.739649087,1,1,0,0,0,1,0,0,1480,40.8,1.22,67.09,221.89
Shrimp Zoodles,0.272727273,0.790909091,0.28,0.947137768,0.785370131,0.352519295,0,0,1,1,1,0,0,0,1581.82,16.8,94.71,54.98,105.76
Mediterranean Wrap,0.363636364,0.634545455,0.62,0.069053635,0.424920089,0.077120833,0,0,0,0,0,1,0,0,1269.09,37.2,6.91,29.74,23.14
Eggplant Parmesan,1,0.610909091,0.6,0.786487374,0.227971542,0.980912842,0,1,0,0,0,1,0,1,1221.82,36,78.65,15.96,294.27
Turkey Lettuce Wraps,0.090909091,0.692727273,0.06,0.778595953,0.645079765,0.530026352,0,0,1,1,1,1,0,0,1385.45,3.6,77.86,45.16,159.01
Cauliflower Rice Bowl,0.818181818,0.269090909,0.7,0.294312518,0.98199104,0.602440592,1,1,0,1,1,0,0,1,538.18,42,29.43,68.74,180.73
Eggplant Parmesan,1,0.409090909,0.2,0.043948295,0.110642747,0.599051509,0,1,0,0,0,1,0,1,818.18,12,4.39,7.74,179.72
Keto Avocado Salad,0.727272727,0.885454545,0.26,0.44164744,0.614037218,0.947613964,0,0,1,1,1,0,0,1,1770.91,15.6,44.16,42.98,284.28
Almond Flour Pancakes,0.363636364,0.310909091,0.62,0.498580867,0.012302973,0.997528941,0,1,1,1,1,0,0,0,621.82,37.2,49.86,0.86,299.26
Gluten-Free Pasta,0,0.421818182,0.92,0.253523321,0.756496949,0.45945012,0,0,0,0,1,0,0,0,843.64,55.2,25.35,52.95,137.84
Vegan Curry,0.636363636,0.430909091,0.12,0.181509353,0.053549764,0.317332133,1,1,0,0,0,0,0,1,861.82,7.2,18.15,3.75,95.2
Grilled Salmon,0.727272727,0.969090909,0.54,0.043383522,0.164785427,0.126804693,0,0,1,1,1,1,0,1,1938.18,32.4,4.34,11.53,38.04
Turkey Lettuce Wraps,0.272727273,0.512727273,0.98,0.214594984,0.506681007,0.844047247,0,0,1,1,1,1,0,0,1025.45,58.8,21.46,35.47,253.21
Tofu Stir Fry,0.454545455,0.763636364,0.64,0.510956739,0.297852885,0.565151126,1,1,0,0,0,0,0,0,1527.27,38.4,51.1,20.85,169.55
Gluten-Free Pasta,1,0.665454545,0.48,0.765014392,0.160030317,0.460479969,0,0,0,0,1,0,0,1,1330.91,28.8,76.5,11.2,138.14
Eggplant Parmesan,0.636363636,0.232727273,0.86,0.730176765,0.993860439,0.093874402,0,1,0,0,0,1,0,1,465.45,51.6,73.02,69.57,28.16
Vegetarian Pizza,0.090909091,0.890909091,0.48,0.557920838,0.734471061,0.616708937,0,1,0,0,0,0,0,0,1781.82,28.8,55.79,51.41,185.01
Chicken Stir Fry,0.727272727,0.201818182,0.24,0.541447479,0.525033526,0.851477668,0,0,1,1,1,0,0,1,403.64,14.4,54.14,36.75,255.44
Lentil Soup,0,0.023636364,0.66,0.762556701,0.679641037,0.758624128,0,1,0,0,0,0,0,0,47.27,39.6,76.26,47.57,227.59
Paleo Chicken Bowl,0.636363636,0.381818182,0.72,0.125342145,0.385901201,0.644407978,0,0,1,1,1,0,0,1,763.64,43.2,12.53,27.01,193.32
Vegetarian Pizza,0.636363636,0.410909091,0.5,0.393522528,0.413215682,0.697270337,0,1,0,0,0,0,1,1,821.82,30,39.35,28.93,209.18
Vegetarian Pizza,0.454545455,0.34,0.88,0.093455987,0.589237689,0.480121814,0,1,0,0,0,0,0,0,680,52.8,9.35,41.25,144.04
Shrimp Zoodles,0.181818182,0.609090909,0.06,0.05306315,0.487377551,0.599898665,0,0,1,1,1,0,0,0,1218.18,3.6,5.31,34.12,179.97
Greek Yogurt Parfait,1,0.107272727,0.36,0.500800037,0.076808184,0.052773424,0,1,0,0,0,1,0,1,214.55,21.6,50.08,5.38,15.83
Tofu Stir Fry,1,0.983636364,0.74,0.210906789,0.82676196,0.519904107,1,1,0,0,0,0,0,1,1967.27,44.4,21.09,57.87,155.97
Tofu Stir Fry,0.272727273,0.634545455,0.96,0.436234189,0.088379363,0.216724459,1,1,0,0,0,0,1,0,1269.09,57.6,43.62,6.19,65.02
Turkey Lettuce Wraps,0.909090909,0.212727273,0.88,0.174358332,0.638712803,0.4954925,0,0,1,1,1,1,0,1,425.45,52.8,17.44,44.71,148.65
Turkey Lettuce Wraps,0.909090909,0.723636364,0.1,0.996199211,0.748654935,0.742156014,0,0,1,1,1,1,0,1,1447.27,6,99.62,52.41,222.65
Eggplant Parmesan,0.363636364,0.916363636,0.18,0.336215635,0.025818698,0.018013551,0,1,0,0,0,1,0,0,1832.73,10.8,33.62,1.81,5.4
Tofu Stir Fry,0.454545455,0.772727273,0.68,0.431849255,0.874481255,0.845292137,1,1,0,0,0,0,0,0,1545.45,40.8,43.18,61.21,253.59
Mediterranean Wrap,0.272727273,0.087272727,0.4,0.460525689,0.483739634,0.128576315,0,0,0,0,0,1,0,0,174.55,24,46.05,33.86,38.57
Vegan Buddha Bowl,0.545454545,0.534545455,0.98,0.914043664,0.781731389,0.000650835,1,1,0,0,1,0,0,1,1069.09,58.8,91.4,54.72,0.2
Keto Avocado Salad,0.454545455,0.66,0.6,0.927344415,0.472803762,0.007098587,0,0,1,1,1,0,0,0,1320,36,92.73,33.1,2.13
Lentil Soup,0.818181818,0.750909091,0.42,0.263036538,0.247156051,0.910363284,0,1,0,0,0,0,0,1,1501.82,25.2,26.3,17.3,273.11
Vegetarian Pizza,0.454545455,0.370909091,0.1,0.065689791,0.488353531,0.027545268,0,1,0,0,0,0,0,0,741.82,6,6.57,34.18,8.26
Almond Flour Pancakes,0.090909091,0.452727273,0.84,0.139948005,0.533315815,0.409429594,0,1,1,1,1,0,0,0,905.45,50.4,13.99,37.33,122.83
Gluten-Free Pasta,0.454545455,0.723636364,0.34,0.736194495,0.549255704,0.123020505,0,0,0,0,1,0,1,0,1447.27,20.4,73.62,38.45,36.91
Eggplant Parmesan,0.545454545,0.772727273,0.5,0.420930032,0.260368188,0.732883702,0,1,0,0,0,1,0,1,1545.45,30,42.09,18.23,219.87
Cauliflower Rice Bowl,0.363636364,0.236363636,0.44,0.199102178,0.566308154,0.46288268,1,1,0,1,1,0,0,0,472.73,26.4,19.91,39.64,138.86
Lentil Soup,0.727272727,0.807272727,0.8,0.022136506,0.721374951,0.416404329,0,1,0,0,0,0,0,1,1614.55,48,2.21,50.5,124.92
Gluten-Free Pasta,0.454545455,0.523636364,0.32,0.985535174,0.227537531,0.402228858,0,0,0,0,1,0,0,0,1047.27,19.2,98.55,15.93,120.67
Grilled Salmon,0.727272727,0.767272727,0.42,0.551642502,0.613997698,0.22232411,0,0,1,1,1,1,0,1,1534.55,25.2,55.16,42.98,66.7
Chicken Stir Fry,0,0.938181818,0.02,0.667583501,0.216190021,0.092239972,0,0,1,1,1,0,0,0,1876.36,1.2,66.76,15.13,27.67
Eggplant Parmesan,0.181818182,0.154545455,0.22,0.062580872,0.513347688,0.809347825,0,1,0,0,0,1,0,0,309.09,13.2,6.26,35.93,242.8
Vegetarian Pizza,0.181818182,0.44,0.96,0.202385083,0.258827366,0.160166869,0,1,0,0,0,0,0,0,880,57.6,20.24,18.12,48.05
Vegan Buddha Bowl,0.272727273,0.387272727,0.28,0.20592062,0.879593908,0.883379493,1,1,0,0,1,0,0,0,774.55,16.8,20.59,61.57,265.01
Shrimp Zoodles,0.909090909,0.690909091,0.8,0.563044296,0.752173682,0.558027754,0,0,1,1,1,0,0,1,1381.82,48,56.3,52.65,167.41
Chicken Stir Fry,0.727272727,0.46,0.04,0.913872806,0.539612727,0.497157821,0,0,1,1,1,0,0,1,920,2.4,91.39,37.77,149.15
Paleo Chicken Bowl,0.545454545,0.790909091,0.44,0.826308851,0.380932861,0.778196955,0,0,1,1,1,0,0,1,1581.82,26.4,82.63,26.67,233.46
Greek Yogurt Parfait,0.909090909,0.914545455,0.22,0.526002615,0.287416209,0.795640612,0,1,0,0,0,1,0,1,1829.09,13.2,52.6,20.12,238.69
Vegan Buddha Bowl,0.363636364,0.129090909,0.16,0.397990105,0.916947607,0.532784886,1,1,0,0,1,0,0,0,258.18,9.6,39.8,64.19,159.84
Vegetarian Pizza,1,0.849090909,0.1,0.797319082,0.317114431,0.860715628,0,1,0,0,0,0,0,1,1698.18,6,79.73,22.2,258.21
Keto Omelette,0.909090909,0.070909091,0.74,0.141421683,0.202079839,0.179912986,0,0,1,0,1,0,0,1,141.82,44.4,14.14,14.15,53.97
Mediterranean Wrap,1,0.470909091,0.58,0.618442806,0.0832301,0.886247063,0,0,0,0,0,1,0,1,941.82,34.8,61.84,5.83,265.87
Lentil Soup,0.909090909,0.027272727,0,0.419892396,0.986141442,0.669249164,0,1,0,0,0,0,0,1,54.55,0,41.99,69.03,200.77
Tofu Stir Fry,0.090909091,0.470909091,0.54,0.886440349,0.428120921,0.157665081,1,1,0,0,0,0,0,0,941.82,32.4,88.64,29.97,47.3
Mediterranean Wrap,0.727272727,0.236363636,0.64,0.029503103,0.824584275,0.205738812,0,0,0,0,0,1,0,1,472.73,38.4,2.95,57.72,61.72
Mediterranean Wrap,0.181818182,0.863636364,0.56,0.297999078,0.92007338,0.105579686,0,0,0,0,0,1,0,0,1727.27,33.6,29.8,64.41,31.67
Lentil Soup,0.727272727,0.716363636,0.02,0.825840196,0.459976345,0.355510685,0,1,0,0,0,0,1,1,1432.73,1.2,82.58,32.2,106.65
Chicken Stir Fry,0.454545455,0.236363636,0.22,0.336915968,0.173754705,0.713857425,0,0,1,1,1,0,1,0,472.73,13.2,33.69,12.16,214.16
Quinoa Salad,0.363636364,0.990909091,0.8,0.743454116,0.191297539,0.614475154,1,1,0,0,0,1,0,0,1981.82,48,74.35,13.39,184.34
Eggplant Parmesan,0.454545455,0.494545455,0.08,0.810319967,0.845415414,0.25047647,0,1,0,0,0,1,0,0,989.09,4.8,81.03,59.18,75.14
Quinoa Salad,0.272727273,0.492727273,0.66,0.326760103,0.687609401,0.063992981,1,1,0,0,0,1,0,0,985.45,39.6,32.68,48.13,19.2
Gluten-Free Pasta,0.454545455,0.363636364,0.38,0.228333292,0.838702372,0.276072755,0,0,0,0,1,0,0,0,727.27,22.8,22.83,58.71,82.82
Keto Omelette,0.272727273,0.801818182,0.48,0.216623841,0.360840268,0.062843994,0,0,1,0,1,0,0,0,1603.64,28.8,21.66,25.26,18.85
Shrimp Zoodles,0.272727273,0.834545455,0.32,0.76998299,0.789986378,0.666279838,0,0,1,1,1,0,0,0,1669.09,19.2,77,55.3,199.88
Cauliflower Rice Bowl,0.181818182,0.454545455,0.52,0.563303994,0.110824711,0.445808912,1,1,0,1,1,0,1,0,909.09,31.2,56.33,7.76,133.74
Paleo Chicken Bowl,0.272727273,0.909090909,0.14,0.129498011,0.41335532,0.805251313,0,0,1,1,1,0,0,0,1818.18,8.4,12.95,28.93,241.58
Almond Flour Pancakes,0,0.509090909,0.78,0.74368813,0.919941601,0.276842874,0,1,1,1,1,0,0,0,1018.18,46.8,74.37,64.4,83.05
Eggplant Parmesan,0.727272727,0.149090909,0.9,0.915430713,0.755414208,0.807833528,0,1,0,0,0,1,0,1,298.18,54,91.54,52.88,242.35
Almond Flour Pancakes,0.545454545,0.112727273,0.16,0.306302772,0.831036681,0.278344049,0,1,1,1,1,0,0,1,225.45,9.6,30.63,58.17,83.5
Turkey Lettuce Wraps,0.272727273,0.721818182,0.74,0.1208524,0.068068917,0.259926316,0,0,1,1,1,1,0,0,1443.64,44.4,12.09,4.76,77.98
Keto Avocado Salad,0,0.681818182,0.48,0.828752973,0.073983692,0.222530937,0,0,1,1,1,0,0,0,1363.64,28.8,82.88,5.18,66.76
Shrimp Zoodles,0.727272727,0.121818182,0.54,0.856624289,0.669040304,0.593679576,0,0,1,1,1,0,0,1,243.64,32.4,85.66,46.83,178.1
Keto Avocado Salad,0.636363636,0.229090909,0.3,0.240727161,0.796132732,0.028614257,0,0,1,1,1,0,0,1,458.18,18,24.07,55.73,8.58
Keto Omelette,0.909090909,0.896363636,0.98,0.57627893,0.660038107,0.248789397,0,0,1,0,1,0,0,1,1792.73,58.8,57.63,46.2,74.64
Mediterranean Wrap,0.181818182,0.363636364,0.16,0.672621562,0.830928544,0.882769506,0,0,0,0,0,1,0,0,727.27,9.6,67.26,58.16,264.83
Quinoa Salad,0.636363636,0.545454545,0.44,0.432623806,0.317299807,0.433204021,1,1,0,0,0,1,1,1,1090.91,26.4,43.26,22.21,129.96
Turkey Lettuce Wraps,0.727272727,0.045454545,0.56,0.171445301,0.950048899,0.443978378,0,0,1,1,1,1,0,1,90.91,33.6,17.14,66.5,133.19
Greek Yogurt Parfait,0.272727273,0.825454545,0.54,0.104747781,0.385034471,0.486894062,0,1,0,0,0,1,0,0,1650.91,32.4,10.47,26.95,146.07
Lentil Soup,0.090909091,0.292727273,0.52,0.747396855,0.507095414,0.635038823,0,1,0,0,0,0,0,0,585.45,31.2,74.74,35.5,190.51
Paleo Chicken Bowl,0.454545455,0.474545455,0.5,0.912023326,0.239013485,0.468658551,0,0,1,1,1,0,0,0,949.09,30,91.2,16.73,140.6
Tofu Stir Fry,0,0.769090909,0.26,0.613901675,0.280945233,0.202946251,1,1,0,0,0,0,0,0,1538.18,15.6,61.39,19.67,60.88
Tofu Stir Fry,0.454545455,0.087272727,0.9,0.049739078,0.834968952,0.847306403,1,1,0,0,0,0,0,0,174.55,54,4.97,58.45,254.19
Quinoa Salad,0.818181818,0.618181818,0.96,0.219619094,0.397350888,0.038445092,1,1,0,0,0,1,0,1,1236.36,57.6,21.96,27.81,11.53
Keto Avocado Salad,0.727272727,0.623636364,0.72,0.28601041,0.819820547,0.531338813,0,0,1,1,1,0,0,1,1247.27,43.2,28.6,57.39,159.4
Gluten-Free Pasta,0.545454545,0.072727273,0.76,0.496066777,0.703581038,0.997935062,0,0,0,0,1,0,0,1,145.45,45.6,49.61,49.25,299.38
Tofu Stir Fry,0,0.303636364,0.86,0.733592794,0.884033524,0.672307425,1,1,0,0,0,0,0,0,607.27,51.6,73.36,61.88,201.69
Tofu Stir Fry,1,0.807272727,0.94,0.298238158,0.71979217,0.958699041,1,1,0,0,0,0,0,1,1614.55,56.4,29.82,50.39,287.61
Mediterranean Wrap,0.636363636,0.276363636,0.52,0.002102941,0.718932909,0.832802144,0,0,0,0,0,1,0,1,552.73,31.2,0.21,50.33,249.84
Chickpea Stew,0.272727273,0.587272727,0.58,0.804449001,0.663887206,0.086900703,1,1,0,0,0,0,1,0,1174.55,34.8,80.44,46.47,26.07
Turkey Lettuce Wraps,1,0.150909091,0.96,0.071360239,0.07993777,0.35244841,0,0,1,1,1,1,0,1,301.82,57.6,7.14,5.6,105.73
Gluten-Free Pasta,0.090909091,0.189090909,0.18,0.363764944,0.594709941,0.003788991,0,0,0,0,1,0,0,0,378.18,10.8,36.38,41.63,1.14
Cauliflower Rice Bowl,0.181818182,0.212727273,0.16,0.615704273,0.875452033,0.72595593,1,1,0,1,1,0,0,0,425.45,9.6,61.57,61.28,217.79
Chicken Stir Fry,0.454545455,0.701818182,0.3,0.996336707,0.82163105,0.696525983,0,0,1,1,1,0,0,0,1403.64,18,99.63,57.51,208.96
Lentil Soup,0.181818182,0.425454545,0,0.084813619,0.399929258,0.914288591,0,1,0,0,0,0,0,0,850.91,0,8.48,28,274.29
Chickpea Stew,0.727272727,0.505454545,0.46,0.655626207,0.847287146,0.694108568,1,1,0,0,0,0,0,1,1010.91,27.6,65.56,59.31,208.23
Cauliflower Rice Bowl,0.272727273,0.778181818,0.16,0.307873191,0.790525547,0.445165467,1,1,0,1,1,0,0,0,1556.36,9.6,30.79,55.34,133.55
Chicken Stir Fry,0.181818182,0.352727273,0.54,0.582226293,0.760816883,0.09356637,0,0,1,1,1,0,0,0,705.45,32.4,58.22,53.26,28.07
Grilled Salmon,0.818181818,0.212727273,0.7,0.394978487,0.526691112,0.511188443,0,0,1,1,1,1,1,1,425.45,42,39.5,36.87,153.36
Mediterranean Wrap,0.545454545,0.354545455,0.72,0.894651534,0.346303441,0.149800764,0,0,0,0,0,1,0,1,709.09,43.2,89.47,24.24,44.94
Vegetarian Pizza,1,0.76,0.84,0.387842343,0.793267525,0.596479121,0,1,0,0,0,0,0,1,1520,50.4,38.78,55.53,178.94
Chickpea Stew,0.454545455,0.589090909,0.14,0.366452398,0.217996655,0.993098433,1,1,0,0,0,0,0,0,1178.18,8.4,36.65,15.26,297.93
Quinoa Salad,0.272727273,0.787272727,0.08,0.229647188,0.979466496,0.531655708,1,1,0,0,0,1,0,0,1574.55,4.8,22.96,68.56,159.5
Tofu Stir Fry,0.272727273,0.28,0.9,0.0311029,0.388518644,0.155430856,1,1,0,0,0,0,0,0,560,54,3.11,27.2,46.63
Cauliflower Rice Bowl,0.454545455,0.225454545,0.28,0.490342177,0.129930955,0.838763546,1,1,0,1,1,0,0,0,450.91,16.8,49.03,9.1,251.63
Mediterranean Wrap,0.818181818,0.223636364,0.72,0.476426384,0.444800791,1,0,0,0,0,0,1,0,1,447.27,43.2,47.64,31.14,300
Keto Avocado Salad,0,0.138181818,0.92,0.152350225,0.030571557,0.975602934,0,0,1,1,1,0,0,0,276.36,55.2,15.24,2.14,292.68
Vegan Buddha Bowl,0.363636364,0.298181818,0.8,0.556540328,0.542623294,0.764327025,1,1,0,0,1,0,0,0,596.36,48,55.65,37.98,229.3
Greek Yogurt Parfait,0.181818182,0.641818182,0.62,0.712639266,0.177172612,0.506904033,0,1,0,0,0,1,1,0,1283.64,37.2,71.26,12.4,152.07
Lentil Soup,0.363636364,0.543636364,0.2,0.560558175,0.347706539,0.580776866,0,1,0,0,0,0,1,0,1087.27,12,56.06,24.34,174.23
Keto Omelette,0.090909091,0.250909091,0.7,0.403828229,0.995904003,0.884120947,0,0,1,0,1,0,0,0,501.82,42,40.38,69.71,265.24
Vegan Curry,0.454545455,0.298181818,0.76,0.397153103,0.039114878,0.474631672,1,1,0,0,0,0,1,0,596.36,45.6,39.72,2.74,142.39
Vegan Buddha Bowl,0.454545455,0.114545455,0.52,0.914108414,0.723515516,0.53314682,1,1,0,0,1,0,0,0,229.09,31.2,91.41,50.65,159.94
Lentil Soup,0.454545455,0.716363636,0.76,0.12544945,0.795764192,0.272523318,0,1,0,0,0,0,0,0,1432.73,45.6,12.54,55.7,81.76
Shrimp Zoodles,0.818181818,0.950909091,0.1,0.149547597,0.46339533,0.985967641,0,0,1,1,1,0,0,1,1901.82,6,14.95,32.44,295.79
Lentil Soup,0.272727273,0.412727273,0.74,0.525112587,0.563683013,0.439909069,0,1,0,0,0,0,1,0,825.45,44.4,52.51,39.46,131.97
Grilled Salmon,0.727272727,0.905454545,0.98,0.72942769,0.896258192,0.454836716,0,0,1,1,1,1,0,1,1810.91,58.8,72.94,62.74,136.45
Greek Yogurt Parfait,0.272727273,0.661818182,0.68,0.201491254,0.109095113,0.857460817,0,1,0,0,0,1,0,0,1323.64,40.8,20.15,7.64,257.24
Chickpea Stew,0,0.265454545,0.74,0.257349393,0.030423591,0.976403046,1,1,0,0,0,0,0,0,530.91,44.4,25.73,2.13,292.92
Eggplant Parmesan,0.090909091,0.870909091,0.42,0.691238358,0.724080656,0.694148635,0,1,0,0,0,1,0,0,1741.82,25.2,69.12,50.69,208.24
Vegetarian Pizza,0.363636364,0.369090909,0.02,0.335106005,0.734450904,0.528282222,0,1,0,0,0,0,0,0,738.18,1.2,33.51,51.41,158.48
Turkey Lettuce Wraps,0.181818182,0.032727273,0.98,0.680281694,0.830108988,0.291595002,0,0,1,1,1,1,0,0,65.45,58.8,68.03,58.11,87.48
Gluten-Free Pasta,0.181818182,0.116363636,0.7,0.83841206,0.74189452,0.13805591,0,0,0,0,1,0,0,0,232.73,42,83.84,51.93,41.42
Vegan Curry,0.636363636,0.34,0.16,0.770034409,0.84760502,0.614299829,1,1,0,0,0,0,0,1,680,9.6,77,59.33,184.29
Vegan Curry,0.545454545,0.48,0.66,0.078035981,0.408124099,0.405393958,1,1,0,0,0,0,0,1,960,39.6,7.8,28.57,121.62
Paleo Chicken Bowl,0.909090909,0.643636364,0.14,0.111555824,0.809824011,0.952279941,0,0,1,1,1,0,0,1,1287.27,8.4,11.16,56.69,285.68
Chicken Stir Fry,0.181818182,0.221818182,0.74,0.301090754,0.076611487,0.500002373,0,0,1,1,1,0,1,0,443.64,44.4,30.11,5.36,150
Vegetarian Pizza,1,0.649090909,0.02,0.073264127,0.403442606,0.292273927,0,1,0,0,0,0,0,1,1298.18,1.2,7.33,28.24,87.68
Chicken Stir Fry,0.545454545,0.818181818,0.14,0.294003997,0.1522688,0.262811809,0,0,1,1,1,0,0,1,1636.36,8.4,29.4,10.66,78.84
Gluten-Free Pasta,0.363636364,0.581818182,0.32,0.643749986,0.980999338,0.604070892,0,0,0,0,1,0,0,0,1163.64,19.2,64.37,68.67,181.22
Greek Yogurt Parfait,0.727272727,0.509090909,0.42,0.188794791,0.72115782,0.870583596,0,1,0,0,0,1,0,1,1018.18,25.2,18.88,50.48,261.18
Vegetarian Pizza,0.818181818,0.878181818,0.14,0.557491043,0.638249213,0.525955753,0,1,0,0,0,0,0,1,1756.36,8.4,55.75,44.68,157.79
Cauliflower Rice Bowl,1,0.094545455,0.46,0.29144597,0.564261696,0.114892288,1,1,0,1,1,0,0,1,189.09,27.6,29.14,39.5,34.47
Vegan Curry,0.090909091,0.02,0.6,0.285720723,0.133721044,0.630439467,1,1,0,0,0,0,0,0,40,36,28.57,9.36,189.13
Grilled Salmon,0.727272727,0.8,0.6,0.189997602,0.784542014,0.716917398,0,0,1,1,1,1,0,1,1600,36,19,54.92,215.08
Paleo Chicken Bowl,0,0.621818182,0.46,0.8436326,0.003385635,0.243242067,0,0,1,1,1,0,0,0,1243.64,27.6,84.36,0.24,72.97
Grilled Salmon,0.727272727,0.247272727,0.52,0.870981674,0.572803357,0.911319549,0,0,1,1,1,1,0,1,494.55,31.2,87.1,40.1,273.4
Greek Yogurt Parfait,0.181818182,0.32,0.1,0.379241999,0.96605916,0.083870503,0,1,0,0,0,1,0,0,640,6,37.92,67.62,25.16
Quinoa Salad,1,0.316363636,0.44,0.255523895,0.877269225,0.178478851,1,1,0,0,0,1,0,1,632.73,26.4,25.55,61.41,53.54
Lentil Soup,0.909090909,0.82,0.92,0.948813235,0.269200586,0.474490616,0,1,0,0,0,0,0,1,1640,55.2,94.88,18.84,142.35
Greek Yogurt Parfait,1,0.530909091,0.82,0.105334035,0.4993808,0.383151176,0,1,0,0,0,1,0,1,1061.82,49.2,10.53,34.96,114.95
Keto Avocado Salad,0.181818182,0.549090909,0.94,0.209942597,0.369190567,0.367665798,0,0,1,1,1,0,0,0,1098.18,56.4,20.99,25.84,110.3
Gluten-Free Pasta,0.727272727,0.021818182,0.34,0.554889783,0.416399328,0.721586319,0,0,0,0,1,0,0,1,43.64,20.4,55.49,29.15,216.48
Keto Avocado Salad,0.727272727,0.3,0.2,0.734232109,0.648898262,0.799066279,0,0,1,1,1,0,0,1,600,12,73.42,45.42,239.72
Tofu Stir Fry,0.090909091,0.476363636,0.7,0.742374765,0.315977245,0.645892516,1,1,0,0,0,0,0,0,952.73,42,74.24,22.12,193.77
Vegan Curry,0.454545455,0.794545455,0,0.894770106,0.287688531,0.365614887,1,1,0,0,0,0,0,0,1589.09,0,89.48,20.14,109.68
Chickpea Stew,0.454545455,0.096363636,0.18,0.546583754,0.099674089,0.689608307,1,1,0,0,0,0,0,0,192.73,10.8,54.66,6.98,206.88
Tofu Stir Fry,0.363636364,0.183636364,0.46,0.842553962,0.710723156,0.953451375,1,1,0,0,0,0,0,0,367.27,27.6,84.26,49.75,286.04
Keto Omelette,0.727272727,0.701818182,0.92,0.331925229,0.907900728,0.263324908,0,0,1,0,1,0,0,1,1403.64,55.2,33.19,63.55,79
Grilled Salmon,0.727272727,0.685454545,0.5,0.681006361,0.312204294,0.776557584,0,0,1,1,1,1,0,1,1370.91,30,68.1,21.85,232.97
Turkey Lettuce Wraps,0,0.187272727,0.54,0.981009075,0.125422076,0.010684968,0,0,1,1,1,1,0,0,374.55,32.4,98.1,8.78,3.21
Turkey Lettuce Wraps,0.727272727,0.763636364,0.1,0.437730083,0.332490694,0.339329591,0,0,1,1,1,1,0,1,1527.27,6,43.77,23.27,101.8
Gluten-Free Pasta,0.272727273,0.02,0.3,0.570995129,0.664230901,0.548317109,0,0,0,0,1,0,0,0,40,18,57.1,46.5,164.5
Vegan Buddha Bowl,0.181818182,0.829090909,0.62,0.903158521,0.784724247,0.78301679,1,1,0,0,1,0,0,0,1658.18,37.2,90.32,54.93,234.91
Vegan Curry,0.454545455,0.105454545,0.06,0.904057719,0.711477513,0.941850119,1,1,0,0,0,0,0,0,210.91,3.6,90.41,49.8,282.56
Chicken Stir Fry,1,0.370909091,0.28,0.06001114,0.672887554,0.582538331,0,0,1,1,1,0,0,1,741.82,16.8,6,47.1,174.76
Vegan Curry,0.727272727,0.787272727,0.2,0.967695652,0.075351291,0.363485096,1,1,0,0,0,0,0,1,1574.55,12,96.77,5.27,109.05
Lentil Soup,0.545454545,0.656363636,0.5,0.851528848,0.315495733,0.272998553,0,1,0,0,0,0,1,1,1312.73,30,85.15,22.08,81.9
Tofu Stir Fry,0.363636364,0.827272727,0.78,0.911059204,0.163849286,0.643855342,1,1,0,0,0,0,0,0,1654.55,46.8,91.11,11.47,193.16
Quinoa Salad,0,0.183636364,0.46,0.728688625,0.539724218,0.054875655,1,1,0,0,0,1,0,0,367.27,27.6,72.87,37.78,16.46
Shrimp Zoodles,0.090909091,0.007272727,0.38,0.634146721,0.44835542,0.129380464,0,0,1,1,1,0,0,0,14.55,22.8,63.41,31.38,38.81
Cauliflower Rice Bowl,0.454545455,0.025454545,0.62,0.50315997,0.680885669,0.070668,1,1,0,1,1,0,0,0,50.91,37.2,50.32,47.66,21.2
Paleo Chicken Bowl,0.454545455,0.809090909,0.34,0.549653334,0.180317511,0.457485923,0,0,1,1,1,0,0,0,1618.18,20.4,54.97,12.62,137.25
Keto Omelette,0.454545455,0.167272727,0.14,0.210246891,0.04966083,0.847028248,0,0,1,0,1,0,0,0,334.55,8.4,21.02,3.48,254.11
Eggplant Parmesan,0.909090909,0.603636364,0.98,0.858153139,0.242141803,0.965369789,0,1,0,0,0,1,0,1,1207.27,58.8,85.82,16.95,289.61
Eggplant Parmesan,0.272727273,0.456363636,0.94,0.408748611,0.954972953,0.522173407,0,1,0,0,0,1,0,0,912.73,56.4,40.87,66.85,156.65
Lentil Soup,0.909090909,0.647272727,0.48,0.924092163,0.176094453,0.209991933,0,1,0,0,0,0,0,1,1294.55,28.8,92.41,12.33,63
Cauliflower Rice Bowl,0.818181818,0.707272727,0.06,0.833634707,0.733519986,0.35272132,1,1,0,1,1,0,0,1,1414.55,3.6,83.36,51.35,105.82
Chickpea Stew,0.909090909,0.443636364,0.3,0.982309798,0.758770932,0.157096558,1,1,0,0,0,0,0,1,887.27,18,98.23,53.11,47.13
Vegan Curry,0.272727273,0.898181818,0.58,0.643889842,0.667833071,0.158136858,1,1,0,0,0,0,0,0,1796.36,34.8,64.39,46.75,47.44
Cauliflower Rice Bowl,0.454545455,0.167272727,0.42,0.606146328,0.83706497,0.787108696,1,1,0,1,1,0,0,0,334.55,25.2,60.61,58.59,236.13
Vegetarian Pizza,0.909090909,0.307272727,0.78,0.852380847,0.730250619,0.09005151,0,1,0,0,0,0,0,1,614.55,46.8,85.24,51.12,27.02
Mediterranean Wrap,0.909090909,0.632727273,0.04,0.899220616,0,0.905434988,0,0,0,0,0,1,0,1,1265.45,2.4,89.92,0,271.63
Chicken Stir Fry,0.181818182,0.232727273,0.62,0.515338805,0.482316532,0.63639406,0,0,1,1,1,0,1,0,465.45,37.2,51.53,33.76,190.92
Almond Flour Pancakes,0.363636364,0.650909091,0.52,0.276949804,0.623160085,0.997556144,0,1,1,1,1,0,0,0,1301.82,31.2,27.69,43.62,299.27
Almond Flour Pancakes,0.363636364,0.163636364,0.34,0.659987893,0.240559616,0.187367022,0,1,1,1,1,0,0,0,327.27,20.4,66,16.84,56.21
Tofu Stir Fry,0.272727273,0.481818182,0.2,0.755617066,0.228825676,0.961012678,1,1,0,0,0,0,0,0,963.64,12,75.56,16.02,288.3
Chicken Stir Fry,0.636363636,0.463636364,0.2,0.5662028,0.428133095,0.323683955,0,0,1,1,1,0,1,1,927.27,12,56.62,29.97,97.11
Greek Yogurt Parfait,0.181818182,0.196363636,0.12,0.898669307,0.948392937,0.8965072,0,1,0,0,0,1,0,0,392.73,7.2,89.87,66.39,268.95
Shrimp Zoodles,0.272727273,0.150909091,0.28,0.547287386,0.204531206,0.251826232,0,0,1,1,1,0,0,0,301.82,16.8,54.73,14.32,75.55
Eggplant Parmesan,0.181818182,0.201818182,0.76,0.032966243,0.637198208,0.362143116,0,1,0,0,0,1,0,0,403.64,45.6,3.3,44.6,108.64
Turkey Lettuce Wraps,0.181818182,0.763636364,0,0.411500659,0.81247403,0.839113269,0,0,1,1,1,1,0,0,1527.27,0,41.15,56.87,251.73
Vegan Buddha Bowl,0.090909091,0.972727273,0.46,0.657997347,0.151532438,0.879637585,1,1,0,0,1,0,0,0,1945.45,27.6,65.8,10.61,263.89
Almond Flour Pancakes,0.545454545,0.46,0.8,0,0.417169588,0.522143527,0,1,1,1,1,0,0,1,920,48,0,29.2,156.64
Mediterranean Wrap,0.727272727,0.709090909,0.76,0.305747563,0.304263027,0.226643514,0,0,0,0,0,1,1,1,1418.18,45.6,30.57,21.3,67.99
Greek Yogurt Parfait,0.454545455,0.067272727,1,0.666436926,0.743318286,0.851859659,0,1,0,0,0,1,0,0,134.55,60,66.64,52.03,255.56
Cauliflower Rice Bowl,0.363636364,0.974545455,0.94,0.820957846,0.181626828,0.368806703,1,1,0,1,1,0,0,0,1949.09,56.4,82.1,12.71,110.64
Turkey Lettuce Wraps,0.454545455,1,0.3,0.758105855,0.393740184,0.591065708,0,0,1,1,1,1,0,0,2000,18,75.81,27.56,177.32
Chickpea Stew,0.909090909,0.365454545,0.62,0.168167967,0.782151096,0.584120592,1,1,0,0,0,0,0,1,730.91,37.2,16.82,54.75,175.24
Grilled Salmon,0.818181818,0.916363636,0.32,0.604628153,0.296861859,0.716295676,0,0,1,1,1,1,0,1,1832.73,19.2,60.46,20.78,214.89
Mediterranean Wrap,0.454545455,0.345454545,0.48,0.172960352,0.974421721,0.447587518,0,0,0,0,0,1,0,0,690.91,28.8,17.3,68.21,134.28
Chicken Stir Fry,0.636363636,0.172727273,0.76,0.464073051,0.922866909,0.69623569,0,0,1,1,1,0,0,1,345.45,45.6,46.41,64.6,208.87
Gluten-Free Pasta,0.727272727,0.758181818,0.8,0.196230492,0.345766585,0.333064112,0,0,0,0,1,0,0,1,1516.36,48,19.62,24.2,99.92
Almond Flour Pancakes,0.363636364,0.934545455,0.32,0.704755165,0.7284414,0.562167533,0,1,1,1,1,0,0,0,1869.09,19.2,70.48,50.99,168.65
Quinoa Salad,0,0.86,0.28,0.509260183,0.38776727,0.910684619,1,1,0,0,0,1,0,0,1720,16.8,50.93,27.14,273.21
Chickpea Stew,0.181818182,0.076363636,0.68,0.011464863,0.705025676,0.975112233,1,1,0,0,0,0,0,0,152.73,40.8,1.15,49.35,292.53
Vegan Buddha Bowl,0.636363636,0.570909091,0.56,0.821308311,0.547360682,0.971852824,1,1,0,0,1,0,0,1,1141.82,33.6,82.13,38.32,291.56
Greek Yogurt Parfait,0.363636364,0.349090909,0.08,0.722127918,0.8643661,0.174885806,0,1,0,0,0,1,0,0,698.18,4.8,72.21,60.51,52.47
